<?xml version="1.0" encoding="UTF-8"?>
<beans xmlns="http://www.springframework.org/schema/beans"
	xmlns:xsi="http://www.w3.org/2001/XMLSchema-instance"
	xmlns:aop="http://www.springframework.org/schema/aop"
	xmlns:context="http://www.springframework.org/schema/context"
	xmlns:tx="http://www.springframework.org/schema/tx"
	xsi:schemaLocation="http://www.springframework.org/schema/beans http://www.springframework.org/schema/beans/spring-beans.xsd
		http://www.springframework.org/schema/context http://www.springframework.org/schema/context/spring-context.xsd
		http://www.springframework.org/schema/aop http://www.springframework.org/schema/aop/spring-aop.xsd
		http://www.springframework.org/schema/tx http://www.springframework.org/schema/tx/spring-tx.xsd">

	<context:property-placeholder location="classpath:database/jdbc.properties" />
	<context:component-scan base-package="com.BMS.BB" />

	<bean id="dataSource" class="org.apache.commons.dbcp.BasicDataSource">
		<property name="driverClassName" value="${jdbc.driverClassName}" />
		<property name="url" value="${jdbc.url}" />
		<property name="username" value="${jdbc.username}" />
		<property name="password" value="${jdbc.password}" />
	</bean>

	<bean id="jdbcTemplate" class="org.springframework.jdbc.core.JdbcTemplate">
		<property name="dataSource" ref="dataSource" />
	</bean>

	   <bean id="txManager" class="org.springframework.jdbc.datasource.DataSourceTransactionManager">
      <property name="dataSource" ref="dataSource"></property>
   </bean>
   <!-- 트렌젝션 역할 -->
   <tx:advice id="txAdvice" transaction-manager="txManager">
      <tx:attributes>
      <!-- 읽기 전용 -->
         <tx:method name="get*" read-only="true"/>
      <!-- 읽기 전용 -->
         <tx:method name="*"  propagation="REQUIRED"  rollback-for="Exception"  isolation="READ_COMMITTED"/>
      </tx:attributes>
   </tx:advice>
   
   <!-- 트렌젝션이 자동으로 실행 -->
   <aop:config>
      <aop:pointcut  id="txPointCut"  expression="execution(* com.BMS.BB..*Service.updateBakery(*))"/>
      <aop:advisor advice-ref="txAdvice" pointcut-ref="txPointCut"/>
   </aop:config>

</beans>
